model,mean,median,max,count
sshleifer/tiny-gpt2,0.00051543355220924,0.0003544243518263,0.0009018324781209,5
